md5,path,og_filename,og_uri,sample_id,read_type,replicate,file_name,gcp_uri,sample_name
3a8103474033d9c48cd59b043d68c8fb,fastqs/6OHDA_ST/fastq_files_with_2run_2022-07-19/fastq-2nd-run/V11D06-069_B1_S3_R1_001.fastq.gz,V11D06-069_B1_S3_R1_001.fastq.gz,gs://asap-raw-team-cragg-mouse-spatial-visium-striatum/fastqs/6OHDA_ST/fastq_files_with_2run_2022-07-19/fastq-2nd-run/V11D06-069_B1_S3_R1_001.fastq.gz,V11D06-069_B1,R1,Rep2,6OHDA_ST.20220719.run2.V11D06-069_B1_S3_R1_001.fastq.gz,gs://asap-raw-team-cragg-mouse-spatial-visium-striatum/fastqs/6OHDA_ST.20220719.run2.V11D06-069_B1_S3_R1_001.fastq.gz,V11D06-069_B1_Rep2
e49d027fb6b10a8cf9df34d4897d81ff,fastqs/6OHDA_ST/fastq_files_with_2run_2022-07-19/fastq-2nd-run/V11D06-069_B1_S3_R2_001.fastq.gz,V11D06-069_B1_S3_R2_001.fastq.gz,gs://asap-raw-team-cragg-mouse-spatial-visium-striatum/fastqs/6OHDA_ST/fastq_files_with_2run_2022-07-19/fastq-2nd-run/V11D06-069_B1_S3_R2_001.fastq.gz,V11D06-069_B1,R2,Rep2,6OHDA_ST.20220719.run2.V11D06-069_B1_S3_R2_001.fastq.gz,gs://asap-raw-team-cragg-mouse-spatial-visium-striatum/fastqs/6OHDA_ST.20220719.run2.V11D06-069_B1_S3_R2_001.fastq.gz,V11D06-069_B1_Rep2
789856600b1342404551547e347610c9,fastqs/6OHDA_ST/fastq_files_with_2run_2022-07-19/fastq-2nd-run/V11D06-069_C1_S4_R1_001.fastq.gz,V11D06-069_C1_S4_R1_001.fastq.gz,gs://asap-raw-team-cragg-mouse-spatial-visium-striatum/fastqs/6OHDA_ST/fastq_files_with_2run_2022-07-19/fastq-2nd-run/V11D06-069_C1_S4_R1_001.fastq.gz,V11D06-069_C1,R1,Rep2,6OHDA_ST.20220719.run2.V11D06-069_C1_S4_R1_001.fastq.gz,gs://asap-raw-team-cragg-mouse-spatial-visium-striatum/fastqs/6OHDA_ST.20220719.run2.V11D06-069_C1_S4_R1_001.fastq.gz,V11D06-069_C1_Rep2
7c4366fafd8471fb34b18a0c89f30631,fastqs/6OHDA_ST/fastq_files_with_2run_2022-07-19/fastq-2nd-run/V11D06-069_C1_S4_R2_001.fastq.gz,V11D06-069_C1_S4_R2_001.fastq.gz,gs://asap-raw-team-cragg-mouse-spatial-visium-striatum/fastqs/6OHDA_ST/fastq_files_with_2run_2022-07-19/fastq-2nd-run/V11D06-069_C1_S4_R2_001.fastq.gz,V11D06-069_C1,R2,Rep2,6OHDA_ST.20220719.run2.V11D06-069_C1_S4_R2_001.fastq.gz,gs://asap-raw-team-cragg-mouse-spatial-visium-striatum/fastqs/6OHDA_ST.20220719.run2.V11D06-069_C1_S4_R2_001.fastq.gz,V11D06-069_C1_Rep2
b0024d40178687e2386e7e1fce6d5b87,fastqs/6OHDA_ST/fastq_files_with_2run_2022-07-19/fastq-2nd-run/V11D06-070_B1_S5_R1_001.fastq.gz,V11D06-070_B1_S5_R1_001.fastq.gz,gs://asap-raw-team-cragg-mouse-spatial-visium-striatum/fastqs/6OHDA_ST/fastq_files_with_2run_2022-07-19/fastq-2nd-run/V11D06-070_B1_S5_R1_001.fastq.gz,V11D06-070_B1,R1,Rep2,6OHDA_ST.20220719.run2.V11D06-070_B1_S5_R1_001.fastq.gz,gs://asap-raw-team-cragg-mouse-spatial-visium-striatum/fastqs/6OHDA_ST.20220719.run2.V11D06-070_B1_S5_R1_001.fastq.gz,V11D06-070_B1_Rep2
c4842e5555f865c945a28e941ad8cab7,fastqs/6OHDA_ST/fastq_files_with_2run_2022-07-19/fastq-2nd-run/V11D06-070_B1_S5_R2_001.fastq.gz,V11D06-070_B1_S5_R2_001.fastq.gz,gs://asap-raw-team-cragg-mouse-spatial-visium-striatum/fastqs/6OHDA_ST/fastq_files_with_2run_2022-07-19/fastq-2nd-run/V11D06-070_B1_S5_R2_001.fastq.gz,V11D06-070_B1,R2,Rep2,6OHDA_ST.20220719.run2.V11D06-070_B1_S5_R2_001.fastq.gz,gs://asap-raw-team-cragg-mouse-spatial-visium-striatum/fastqs/6OHDA_ST.20220719.run2.V11D06-070_B1_S5_R2_001.fastq.gz,V11D06-070_B1_Rep2
0940b86c287f2485f2b21da8f3c5d35a,fastqs/6OHDA_ST/fastq_files_with_2run_2022-07-19/fastq-2nd-run/V11D06-070_C1_S6_R1_001.fastq.gz,V11D06-070_C1_S6_R1_001.fastq.gz,gs://asap-raw-team-cragg-mouse-spatial-visium-striatum/fastqs/6OHDA_ST/fastq_files_with_2run_2022-07-19/fastq-2nd-run/V11D06-070_C1_S6_R1_001.fastq.gz,V11D06-070_C1,R1,Rep2,6OHDA_ST.20220719.run2.V11D06-070_C1_S6_R1_001.fastq.gz,gs://asap-raw-team-cragg-mouse-spatial-visium-striatum/fastqs/6OHDA_ST.20220719.run2.V11D06-070_C1_S6_R1_001.fastq.gz,V11D06-070_C1_Rep2
48dd6ae0f97205aa9648de53df7e2497,fastqs/6OHDA_ST/fastq_files_with_2run_2022-07-19/fastq-2nd-run/V11D06-070_C1_S6_R2_001.fastq.gz,V11D06-070_C1_S6_R2_001.fastq.gz,gs://asap-raw-team-cragg-mouse-spatial-visium-striatum/fastqs/6OHDA_ST/fastq_files_with_2run_2022-07-19/fastq-2nd-run/V11D06-070_C1_S6_R2_001.fastq.gz,V11D06-070_C1,R2,Rep2,6OHDA_ST.20220719.run2.V11D06-070_C1_S6_R2_001.fastq.gz,gs://asap-raw-team-cragg-mouse-spatial-visium-striatum/fastqs/6OHDA_ST.20220719.run2.V11D06-070_C1_S6_R2_001.fastq.gz,V11D06-070_C1_Rep2
de3429e470e9fa4a457ad26206877124,fastqs/6OHDA_ST/fastq_files_with_2run_2022-07-19/fastq-2nd-run/V11D06-070_D1_S7_R1_001.fastq.gz,V11D06-070_D1_S7_R1_001.fastq.gz,gs://asap-raw-team-cragg-mouse-spatial-visium-striatum/fastqs/6OHDA_ST/fastq_files_with_2run_2022-07-19/fastq-2nd-run/V11D06-070_D1_S7_R1_001.fastq.gz,V11D06-070_D1,R1,Rep2,6OHDA_ST.20220719.run2.V11D06-070_D1_S7_R1_001.fastq.gz,gs://asap-raw-team-cragg-mouse-spatial-visium-striatum/fastqs/6OHDA_ST.20220719.run2.V11D06-070_D1_S7_R1_001.fastq.gz,V11D06-070_D1_Rep2
e71b04f8f3f3b088ebc8a32d1fc4050d,fastqs/6OHDA_ST/fastq_files_with_2run_2022-07-19/fastq-2nd-run/V11D06-070_D1_S7_R2_001.fastq.gz,V11D06-070_D1_S7_R2_001.fastq.gz,gs://asap-raw-team-cragg-mouse-spatial-visium-striatum/fastqs/6OHDA_ST/fastq_files_with_2run_2022-07-19/fastq-2nd-run/V11D06-070_D1_S7_R2_001.fastq.gz,V11D06-070_D1,R2,Rep2,6OHDA_ST.20220719.run2.V11D06-070_D1_S7_R2_001.fastq.gz,gs://asap-raw-team-cragg-mouse-spatial-visium-striatum/fastqs/6OHDA_ST.20220719.run2.V11D06-070_D1_S7_R2_001.fastq.gz,V11D06-070_D1_Rep2
3428709255694c4b2543c97a793a048b,fastqs/6OHDA_ST/fastq_files_with_2run_2022-07-19/fastq-2nd-run/V11D06-099_A1_S8_R1_001.fastq.gz,V11D06-099_A1_S8_R1_001.fastq.gz,gs://asap-raw-team-cragg-mouse-spatial-visium-striatum/fastqs/6OHDA_ST/fastq_files_with_2run_2022-07-19/fastq-2nd-run/V11D06-099_A1_S8_R1_001.fastq.gz,V11D06-099_A1,R1,Rep2,6OHDA_ST.20220719.run2.V11D06-099_A1_S8_R1_001.fastq.gz,gs://asap-raw-team-cragg-mouse-spatial-visium-striatum/fastqs/6OHDA_ST.20220719.run2.V11D06-099_A1_S8_R1_001.fastq.gz,V11D06-099_A1_Rep2
b0a871ae03f604246c401cd71d59d7a5,fastqs/6OHDA_ST/fastq_files_with_2run_2022-07-19/fastq-2nd-run/V11D06-099_A1_S8_R2_001.fastq.gz,V11D06-099_A1_S8_R2_001.fastq.gz,gs://asap-raw-team-cragg-mouse-spatial-visium-striatum/fastqs/6OHDA_ST/fastq_files_with_2run_2022-07-19/fastq-2nd-run/V11D06-099_A1_S8_R2_001.fastq.gz,V11D06-099_A1,R2,Rep2,6OHDA_ST.20220719.run2.V11D06-099_A1_S8_R2_001.fastq.gz,gs://asap-raw-team-cragg-mouse-spatial-visium-striatum/fastqs/6OHDA_ST.20220719.run2.V11D06-099_A1_S8_R2_001.fastq.gz,V11D06-099_A1_Rep2
46730c023dca2c6130895ea304051941,fastqs/6OHDA_ST/fastq_files_with_2run_2022-07-19/fastq-2nd-run/V11D06-099_B1_S9_R1_001.fastq.gz,V11D06-099_B1_S9_R1_001.fastq.gz,gs://asap-raw-team-cragg-mouse-spatial-visium-striatum/fastqs/6OHDA_ST/fastq_files_with_2run_2022-07-19/fastq-2nd-run/V11D06-099_B1_S9_R1_001.fastq.gz,V11D06-099_B1,R1,Rep2,6OHDA_ST.20220719.run2.V11D06-099_B1_S9_R1_001.fastq.gz,gs://asap-raw-team-cragg-mouse-spatial-visium-striatum/fastqs/6OHDA_ST.20220719.run2.V11D06-099_B1_S9_R1_001.fastq.gz,V11D06-099_B1_Rep2
c5f18b9ef98bd1171ac8dc2995b38ed0,fastqs/6OHDA_ST/fastq_files_with_2run_2022-07-19/fastq-2nd-run/V11D06-099_B1_S9_R2_001.fastq.gz,V11D06-099_B1_S9_R2_001.fastq.gz,gs://asap-raw-team-cragg-mouse-spatial-visium-striatum/fastqs/6OHDA_ST/fastq_files_with_2run_2022-07-19/fastq-2nd-run/V11D06-099_B1_S9_R2_001.fastq.gz,V11D06-099_B1,R2,Rep2,6OHDA_ST.20220719.run2.V11D06-099_B1_S9_R2_001.fastq.gz,gs://asap-raw-team-cragg-mouse-spatial-visium-striatum/fastqs/6OHDA_ST.20220719.run2.V11D06-099_B1_S9_R2_001.fastq.gz,V11D06-099_B1_Rep2
ada8a7d231f3e10afa75343e2977cffb,fastqs/6OHDA_ST/fastq_files_with_2run_2022-07-19/fastq-2nd-run/V11D06-099_C1_S10_R1_001.fastq.gz,V11D06-099_C1_S10_R1_001.fastq.gz,gs://asap-raw-team-cragg-mouse-spatial-visium-striatum/fastqs/6OHDA_ST/fastq_files_with_2run_2022-07-19/fastq-2nd-run/V11D06-099_C1_S10_R1_001.fastq.gz,V11D06-099_C1,R1,Rep2,6OHDA_ST.20220719.run2.V11D06-099_C1_S10_R1_001.fastq.gz,gs://asap-raw-team-cragg-mouse-spatial-visium-striatum/fastqs/6OHDA_ST.20220719.run2.V11D06-099_C1_S10_R1_001.fastq.gz,V11D06-099_C1_Rep2
c91554ae39a2fb4d95d8e2c74890a94a,fastqs/6OHDA_ST/fastq_files_with_2run_2022-07-19/fastq-2nd-run/V11D06-099_C1_S10_R2_001.fastq.gz,V11D06-099_C1_S10_R2_001.fastq.gz,gs://asap-raw-team-cragg-mouse-spatial-visium-striatum/fastqs/6OHDA_ST/fastq_files_with_2run_2022-07-19/fastq-2nd-run/V11D06-099_C1_S10_R2_001.fastq.gz,V11D06-099_C1,R2,Rep2,6OHDA_ST.20220719.run2.V11D06-099_C1_S10_R2_001.fastq.gz,gs://asap-raw-team-cragg-mouse-spatial-visium-striatum/fastqs/6OHDA_ST.20220719.run2.V11D06-099_C1_S10_R2_001.fastq.gz,V11D06-099_C1_Rep2
8ffd378b10fdaa7ff8ac41060234f6b0,fastqs/6OHDA_ST/fastq_files_with_2run_2022-07-19/fastq-2nd-run/V11D06-099_D1_S11_R1_001.fastq.gz,V11D06-099_D1_S11_R1_001.fastq.gz,gs://asap-raw-team-cragg-mouse-spatial-visium-striatum/fastqs/6OHDA_ST/fastq_files_with_2run_2022-07-19/fastq-2nd-run/V11D06-099_D1_S11_R1_001.fastq.gz,V11D06-099_D1,R1,Rep2,6OHDA_ST.20220719.run2.V11D06-099_D1_S11_R1_001.fastq.gz,gs://asap-raw-team-cragg-mouse-spatial-visium-striatum/fastqs/6OHDA_ST.20220719.run2.V11D06-099_D1_S11_R1_001.fastq.gz,V11D06-099_D1_Rep2
120e0c1902024a3de4846eaf142339a4,fastqs/6OHDA_ST/fastq_files_with_2run_2022-07-19/fastq-2nd-run/V11D06-099_D1_S11_R2_001.fastq.gz,V11D06-099_D1_S11_R2_001.fastq.gz,gs://asap-raw-team-cragg-mouse-spatial-visium-striatum/fastqs/6OHDA_ST/fastq_files_with_2run_2022-07-19/fastq-2nd-run/V11D06-099_D1_S11_R2_001.fastq.gz,V11D06-099_D1,R2,Rep2,6OHDA_ST.20220719.run2.V11D06-099_D1_S11_R2_001.fastq.gz,gs://asap-raw-team-cragg-mouse-spatial-visium-striatum/fastqs/6OHDA_ST.20220719.run2.V11D06-099_D1_S11_R2_001.fastq.gz,V11D06-099_D1_Rep2
272bf64fe06d98c253dd35e71dea9b86,fastqs/6OHDA_ST/fastq_files_with_2run_2022-07-19/fastq-2nd-run/V11D06-100_A1_S12_R1_001.fastq.gz,V11D06-100_A1_S12_R1_001.fastq.gz,gs://asap-raw-team-cragg-mouse-spatial-visium-striatum/fastqs/6OHDA_ST/fastq_files_with_2run_2022-07-19/fastq-2nd-run/V11D06-100_A1_S12_R1_001.fastq.gz,V11D06-100_A1,R1,Rep2,6OHDA_ST.20220719.run2.V11D06-100_A1_S12_R1_001.fastq.gz,gs://asap-raw-team-cragg-mouse-spatial-visium-striatum/fastqs/6OHDA_ST.20220719.run2.V11D06-100_A1_S12_R1_001.fastq.gz,V11D06-100_A1_Rep2
31ffaf3444c486514c646191397b16a0,fastqs/6OHDA_ST/fastq_files_with_2run_2022-07-19/fastq-2nd-run/V11D06-100_A1_S12_R2_001.fastq.gz,V11D06-100_A1_S12_R2_001.fastq.gz,gs://asap-raw-team-cragg-mouse-spatial-visium-striatum/fastqs/6OHDA_ST/fastq_files_with_2run_2022-07-19/fastq-2nd-run/V11D06-100_A1_S12_R2_001.fastq.gz,V11D06-100_A1,R2,Rep2,6OHDA_ST.20220719.run2.V11D06-100_A1_S12_R2_001.fastq.gz,gs://asap-raw-team-cragg-mouse-spatial-visium-striatum/fastqs/6OHDA_ST.20220719.run2.V11D06-100_A1_S12_R2_001.fastq.gz,V11D06-100_A1_Rep2
7aad1b6a8a278330817dea3c3ab74562,fastqs/6OHDA_ST/fastq_files_with_2run_2022-07-19/fastq-2nd-run/V11D06-100_B1_S13_R1_001.fastq.gz,V11D06-100_B1_S13_R1_001.fastq.gz,gs://asap-raw-team-cragg-mouse-spatial-visium-striatum/fastqs/6OHDA_ST/fastq_files_with_2run_2022-07-19/fastq-2nd-run/V11D06-100_B1_S13_R1_001.fastq.gz,V11D06-100_B1,R1,Rep2,6OHDA_ST.20220719.run2.V11D06-100_B1_S13_R1_001.fastq.gz,gs://asap-raw-team-cragg-mouse-spatial-visium-striatum/fastqs/6OHDA_ST.20220719.run2.V11D06-100_B1_S13_R1_001.fastq.gz,V11D06-100_B1_Rep2
909f66eb251923883f907e65bf577c3e,fastqs/6OHDA_ST/fastq_files_with_2run_2022-07-19/fastq-2nd-run/V11D06-100_B1_S13_R2_001.fastq.gz,V11D06-100_B1_S13_R2_001.fastq.gz,gs://asap-raw-team-cragg-mouse-spatial-visium-striatum/fastqs/6OHDA_ST/fastq_files_with_2run_2022-07-19/fastq-2nd-run/V11D06-100_B1_S13_R2_001.fastq.gz,V11D06-100_B1,R2,Rep2,6OHDA_ST.20220719.run2.V11D06-100_B1_S13_R2_001.fastq.gz,gs://asap-raw-team-cragg-mouse-spatial-visium-striatum/fastqs/6OHDA_ST.20220719.run2.V11D06-100_B1_S13_R2_001.fastq.gz,V11D06-100_B1_Rep2
2cde1fff2e7fc062ee9dfa24074c27f1,fastqs/6OHDA_ST/fastq_files_with_2run_2022-07-19/fastq-2nd-run/V11D06-100_C1_S14_R1_001.fastq.gz,V11D06-100_C1_S14_R1_001.fastq.gz,gs://asap-raw-team-cragg-mouse-spatial-visium-striatum/fastqs/6OHDA_ST/fastq_files_with_2run_2022-07-19/fastq-2nd-run/V11D06-100_C1_S14_R1_001.fastq.gz,V11D06-100_C1,R1,Rep2,6OHDA_ST.20220719.run2.V11D06-100_C1_S14_R1_001.fastq.gz,gs://asap-raw-team-cragg-mouse-spatial-visium-striatum/fastqs/6OHDA_ST.20220719.run2.V11D06-100_C1_S14_R1_001.fastq.gz,V11D06-100_C1_Rep2
8bbfaa917899ca6928c9665b5a6f4f9c,fastqs/6OHDA_ST/fastq_files_with_2run_2022-07-19/fastq-2nd-run/V11D06-100_C1_S14_R2_001.fastq.gz,V11D06-100_C1_S14_R2_001.fastq.gz,gs://asap-raw-team-cragg-mouse-spatial-visium-striatum/fastqs/6OHDA_ST/fastq_files_with_2run_2022-07-19/fastq-2nd-run/V11D06-100_C1_S14_R2_001.fastq.gz,V11D06-100_C1,R2,Rep2,6OHDA_ST.20220719.run2.V11D06-100_C1_S14_R2_001.fastq.gz,gs://asap-raw-team-cragg-mouse-spatial-visium-striatum/fastqs/6OHDA_ST.20220719.run2.V11D06-100_C1_S14_R2_001.fastq.gz,V11D06-100_C1_Rep2
3dd42aafad9a958dc22ecabc2e1ae4b2,fastqs/6OHDA_ST/fastq_files_with_2run_2022-07-19/fastq-2nd-run/V11D06-100_D1_S15_R1_001.fastq.gz,V11D06-100_D1_S15_R1_001.fastq.gz,gs://asap-raw-team-cragg-mouse-spatial-visium-striatum/fastqs/6OHDA_ST/fastq_files_with_2run_2022-07-19/fastq-2nd-run/V11D06-100_D1_S15_R1_001.fastq.gz,V11D06-100_D1,R1,Rep2,6OHDA_ST.20220719.run2.V11D06-100_D1_S15_R1_001.fastq.gz,gs://asap-raw-team-cragg-mouse-spatial-visium-striatum/fastqs/6OHDA_ST.20220719.run2.V11D06-100_D1_S15_R1_001.fastq.gz,V11D06-100_D1_Rep2
866253812cf2708863615b24df4f571c,fastqs/6OHDA_ST/fastq_files_with_2run_2022-07-19/fastq-2nd-run/V11D06-100_D1_S15_R2_001.fastq.gz,V11D06-100_D1_S15_R2_001.fastq.gz,gs://asap-raw-team-cragg-mouse-spatial-visium-striatum/fastqs/6OHDA_ST/fastq_files_with_2run_2022-07-19/fastq-2nd-run/V11D06-100_D1_S15_R2_001.fastq.gz,V11D06-100_D1,R2,Rep2,6OHDA_ST.20220719.run2.V11D06-100_D1_S15_R2_001.fastq.gz,gs://asap-raw-team-cragg-mouse-spatial-visium-striatum/fastqs/6OHDA_ST.20220719.run2.V11D06-100_D1_S15_R2_001.fastq.gz,V11D06-100_D1_Rep2
6294be792cdd0dea63fbe0041eb50949,fastqs/6OHDA_ST/fastq_files_with_2run_2022-07-19/fastq-2nd-run/V11D08-305_A1_S1_R1_001.fastq.gz,V11D08-305_A1_S1_R1_001.fastq.gz,gs://asap-raw-team-cragg-mouse-spatial-visium-striatum/fastqs/6OHDA_ST/fastq_files_with_2run_2022-07-19/fastq-2nd-run/V11D08-305_A1_S1_R1_001.fastq.gz,V11D08-305_A1,R1,Rep2,6OHDA_ST.20220719.run2.V11D08-305_A1_S1_R1_001.fastq.gz,gs://asap-raw-team-cragg-mouse-spatial-visium-striatum/fastqs/6OHDA_ST.20220719.run2.V11D08-305_A1_S1_R1_001.fastq.gz,V11D08-305_A1_Rep2
4bb1f29fe2ac52e6a9080bdd3d610d28,fastqs/6OHDA_ST/fastq_files_with_2run_2022-07-19/fastq-2nd-run/V11D08-305_A1_S1_R2_001.fastq.gz,V11D08-305_A1_S1_R2_001.fastq.gz,gs://asap-raw-team-cragg-mouse-spatial-visium-striatum/fastqs/6OHDA_ST/fastq_files_with_2run_2022-07-19/fastq-2nd-run/V11D08-305_A1_S1_R2_001.fastq.gz,V11D08-305_A1,R2,Rep2,6OHDA_ST.20220719.run2.V11D08-305_A1_S1_R2_001.fastq.gz,gs://asap-raw-team-cragg-mouse-spatial-visium-striatum/fastqs/6OHDA_ST.20220719.run2.V11D08-305_A1_S1_R2_001.fastq.gz,V11D08-305_A1_Rep2
191e877fd396d136655f1d3b9294c041,fastqs/6OHDA_ST/fastq_files_with_2run_2022-07-19/fastq-2nd-run/V11D08-305_D1_S2_R1_001.fastq.gz,V11D08-305_D1_S2_R1_001.fastq.gz,gs://asap-raw-team-cragg-mouse-spatial-visium-striatum/fastqs/6OHDA_ST/fastq_files_with_2run_2022-07-19/fastq-2nd-run/V11D08-305_D1_S2_R1_001.fastq.gz,V11D08-305_D1,R1,Rep2,6OHDA_ST.20220719.run2.V11D08-305_D1_S2_R1_001.fastq.gz,gs://asap-raw-team-cragg-mouse-spatial-visium-striatum/fastqs/6OHDA_ST.20220719.run2.V11D08-305_D1_S2_R1_001.fastq.gz,V11D08-305_D1_Rep2
bbef46306e20bcb805aa1fbd7eb46f73,fastqs/6OHDA_ST/fastq_files_with_2run_2022-07-19/fastq-2nd-run/V11D08-305_D1_S2_R2_001.fastq.gz,V11D08-305_D1_S2_R2_001.fastq.gz,gs://asap-raw-team-cragg-mouse-spatial-visium-striatum/fastqs/6OHDA_ST/fastq_files_with_2run_2022-07-19/fastq-2nd-run/V11D08-305_D1_S2_R2_001.fastq.gz,V11D08-305_D1,R2,Rep2,6OHDA_ST.20220719.run2.V11D08-305_D1_S2_R2_001.fastq.gz,gs://asap-raw-team-cragg-mouse-spatial-visium-striatum/fastqs/6OHDA_ST.20220719.run2.V11D08-305_D1_S2_R2_001.fastq.gz,V11D08-305_D1_Rep2
17a195bd48642529c8f469671ab739d1,fastqs/6OHDA_ST/fastq_files_with_2run_2022-07-19/fastq-run-1/V11D06-069_B1_S3_R1_001.fastq.gz,V11D06-069_B1_S3_R1_001.fastq.gz,gs://asap-raw-team-cragg-mouse-spatial-visium-striatum/fastqs/6OHDA_ST/fastq_files_with_2run_2022-07-19/fastq-run-1/V11D06-069_B1_S3_R1_001.fastq.gz,V11D06-069_B1,R1,Rep1,6OHDA_ST.20220719.run1.V11D06-069_B1_S3_R1_001.fastq.gz,gs://asap-raw-team-cragg-mouse-spatial-visium-striatum/fastqs/6OHDA_ST.20220719.run1.V11D06-069_B1_S3_R1_001.fastq.gz,V11D06-069_B1_Rep1
a7c65aca996ef5c109f4413edd701ec2,fastqs/6OHDA_ST/fastq_files_with_2run_2022-07-19/fastq-run-1/V11D06-069_B1_S3_R2_001.fastq.gz,V11D06-069_B1_S3_R2_001.fastq.gz,gs://asap-raw-team-cragg-mouse-spatial-visium-striatum/fastqs/6OHDA_ST/fastq_files_with_2run_2022-07-19/fastq-run-1/V11D06-069_B1_S3_R2_001.fastq.gz,V11D06-069_B1,R2,Rep1,6OHDA_ST.20220719.run1.V11D06-069_B1_S3_R2_001.fastq.gz,gs://asap-raw-team-cragg-mouse-spatial-visium-striatum/fastqs/6OHDA_ST.20220719.run1.V11D06-069_B1_S3_R2_001.fastq.gz,V11D06-069_B1_Rep1
af5f41828cb648f94013141e26ce65ac,fastqs/6OHDA_ST/fastq_files_with_2run_2022-07-19/fastq-run-1/V11D06-069_C1_S4_R1_001.fastq.gz,V11D06-069_C1_S4_R1_001.fastq.gz,gs://asap-raw-team-cragg-mouse-spatial-visium-striatum/fastqs/6OHDA_ST/fastq_files_with_2run_2022-07-19/fastq-run-1/V11D06-069_C1_S4_R1_001.fastq.gz,V11D06-069_C1,R1,Rep1,6OHDA_ST.20220719.run1.V11D06-069_C1_S4_R1_001.fastq.gz,gs://asap-raw-team-cragg-mouse-spatial-visium-striatum/fastqs/6OHDA_ST.20220719.run1.V11D06-069_C1_S4_R1_001.fastq.gz,V11D06-069_C1_Rep1
23a0f52297cdc00943a36803f41d2236,fastqs/6OHDA_ST/fastq_files_with_2run_2022-07-19/fastq-run-1/V11D06-069_C1_S4_R2_001.fastq.gz,V11D06-069_C1_S4_R2_001.fastq.gz,gs://asap-raw-team-cragg-mouse-spatial-visium-striatum/fastqs/6OHDA_ST/fastq_files_with_2run_2022-07-19/fastq-run-1/V11D06-069_C1_S4_R2_001.fastq.gz,V11D06-069_C1,R2,Rep1,6OHDA_ST.20220719.run1.V11D06-069_C1_S4_R2_001.fastq.gz,gs://asap-raw-team-cragg-mouse-spatial-visium-striatum/fastqs/6OHDA_ST.20220719.run1.V11D06-069_C1_S4_R2_001.fastq.gz,V11D06-069_C1_Rep1
30999532f05fa64ca782d392ee8dc4f1,fastqs/6OHDA_ST/fastq_files_with_2run_2022-07-19/fastq-run-1/V11D06-070_B1_S5_R1_001.fastq.gz,V11D06-070_B1_S5_R1_001.fastq.gz,gs://asap-raw-team-cragg-mouse-spatial-visium-striatum/fastqs/6OHDA_ST/fastq_files_with_2run_2022-07-19/fastq-run-1/V11D06-070_B1_S5_R1_001.fastq.gz,V11D06-070_B1,R1,Rep1,6OHDA_ST.20220719.run1.V11D06-070_B1_S5_R1_001.fastq.gz,gs://asap-raw-team-cragg-mouse-spatial-visium-striatum/fastqs/6OHDA_ST.20220719.run1.V11D06-070_B1_S5_R1_001.fastq.gz,V11D06-070_B1_Rep1
983aa99ab38dcf5060a61e1539bb492b,fastqs/6OHDA_ST/fastq_files_with_2run_2022-07-19/fastq-run-1/V11D06-070_B1_S5_R2_001.fastq.gz,V11D06-070_B1_S5_R2_001.fastq.gz,gs://asap-raw-team-cragg-mouse-spatial-visium-striatum/fastqs/6OHDA_ST/fastq_files_with_2run_2022-07-19/fastq-run-1/V11D06-070_B1_S5_R2_001.fastq.gz,V11D06-070_B1,R2,Rep1,6OHDA_ST.20220719.run1.V11D06-070_B1_S5_R2_001.fastq.gz,gs://asap-raw-team-cragg-mouse-spatial-visium-striatum/fastqs/6OHDA_ST.20220719.run1.V11D06-070_B1_S5_R2_001.fastq.gz,V11D06-070_B1_Rep1
fc53b6c9c669d0dc5530ed3369ca45a3,fastqs/6OHDA_ST/fastq_files_with_2run_2022-07-19/fastq-run-1/V11D06-070_C1_S6_R1_001.fastq.gz,V11D06-070_C1_S6_R1_001.fastq.gz,gs://asap-raw-team-cragg-mouse-spatial-visium-striatum/fastqs/6OHDA_ST/fastq_files_with_2run_2022-07-19/fastq-run-1/V11D06-070_C1_S6_R1_001.fastq.gz,V11D06-070_C1,R1,Rep1,6OHDA_ST.20220719.run1.V11D06-070_C1_S6_R1_001.fastq.gz,gs://asap-raw-team-cragg-mouse-spatial-visium-striatum/fastqs/6OHDA_ST.20220719.run1.V11D06-070_C1_S6_R1_001.fastq.gz,V11D06-070_C1_Rep1
97519fd83433770e10dcaaadeeea6a92,fastqs/6OHDA_ST/fastq_files_with_2run_2022-07-19/fastq-run-1/V11D06-070_C1_S6_R2_001.fastq.gz,V11D06-070_C1_S6_R2_001.fastq.gz,gs://asap-raw-team-cragg-mouse-spatial-visium-striatum/fastqs/6OHDA_ST/fastq_files_with_2run_2022-07-19/fastq-run-1/V11D06-070_C1_S6_R2_001.fastq.gz,V11D06-070_C1,R2,Rep1,6OHDA_ST.20220719.run1.V11D06-070_C1_S6_R2_001.fastq.gz,gs://asap-raw-team-cragg-mouse-spatial-visium-striatum/fastqs/6OHDA_ST.20220719.run1.V11D06-070_C1_S6_R2_001.fastq.gz,V11D06-070_C1_Rep1
0c90185e92f2d345afd66c8233abcae7,fastqs/6OHDA_ST/fastq_files_with_2run_2022-07-19/fastq-run-1/V11D06-070_D1_S7_R1_001.fastq.gz,V11D06-070_D1_S7_R1_001.fastq.gz,gs://asap-raw-team-cragg-mouse-spatial-visium-striatum/fastqs/6OHDA_ST/fastq_files_with_2run_2022-07-19/fastq-run-1/V11D06-070_D1_S7_R1_001.fastq.gz,V11D06-070_D1,R1,Rep1,6OHDA_ST.20220719.run1.V11D06-070_D1_S7_R1_001.fastq.gz,gs://asap-raw-team-cragg-mouse-spatial-visium-striatum/fastqs/6OHDA_ST.20220719.run1.V11D06-070_D1_S7_R1_001.fastq.gz,V11D06-070_D1_Rep1
ee20ed4e48d285e6f9144a7461421d4a,fastqs/6OHDA_ST/fastq_files_with_2run_2022-07-19/fastq-run-1/V11D06-070_D1_S7_R2_001.fastq.gz,V11D06-070_D1_S7_R2_001.fastq.gz,gs://asap-raw-team-cragg-mouse-spatial-visium-striatum/fastqs/6OHDA_ST/fastq_files_with_2run_2022-07-19/fastq-run-1/V11D06-070_D1_S7_R2_001.fastq.gz,V11D06-070_D1,R2,Rep1,6OHDA_ST.20220719.run1.V11D06-070_D1_S7_R2_001.fastq.gz,gs://asap-raw-team-cragg-mouse-spatial-visium-striatum/fastqs/6OHDA_ST.20220719.run1.V11D06-070_D1_S7_R2_001.fastq.gz,V11D06-070_D1_Rep1
bf5ffe31a123631e383ffb788b4d61bb,fastqs/6OHDA_ST/fastq_files_with_2run_2022-07-19/fastq-run-1/V11D06-099_A1_S8_R1_001.fastq.gz,V11D06-099_A1_S8_R1_001.fastq.gz,gs://asap-raw-team-cragg-mouse-spatial-visium-striatum/fastqs/6OHDA_ST/fastq_files_with_2run_2022-07-19/fastq-run-1/V11D06-099_A1_S8_R1_001.fastq.gz,V11D06-099_A1,R1,Rep1,6OHDA_ST.20220719.run1.V11D06-099_A1_S8_R1_001.fastq.gz,gs://asap-raw-team-cragg-mouse-spatial-visium-striatum/fastqs/6OHDA_ST.20220719.run1.V11D06-099_A1_S8_R1_001.fastq.gz,V11D06-099_A1_Rep1
7f28d933b5d13ea92853c596adcc3007,fastqs/6OHDA_ST/fastq_files_with_2run_2022-07-19/fastq-run-1/V11D06-099_A1_S8_R2_001.fastq.gz,V11D06-099_A1_S8_R2_001.fastq.gz,gs://asap-raw-team-cragg-mouse-spatial-visium-striatum/fastqs/6OHDA_ST/fastq_files_with_2run_2022-07-19/fastq-run-1/V11D06-099_A1_S8_R2_001.fastq.gz,V11D06-099_A1,R2,Rep1,6OHDA_ST.20220719.run1.V11D06-099_A1_S8_R2_001.fastq.gz,gs://asap-raw-team-cragg-mouse-spatial-visium-striatum/fastqs/6OHDA_ST.20220719.run1.V11D06-099_A1_S8_R2_001.fastq.gz,V11D06-099_A1_Rep1
f4a1203d8d7e3cc13367401a777cee7e,fastqs/6OHDA_ST/fastq_files_with_2run_2022-07-19/fastq-run-1/V11D06-099_B1_S9_R1_001.fastq.gz,V11D06-099_B1_S9_R1_001.fastq.gz,gs://asap-raw-team-cragg-mouse-spatial-visium-striatum/fastqs/6OHDA_ST/fastq_files_with_2run_2022-07-19/fastq-run-1/V11D06-099_B1_S9_R1_001.fastq.gz,V11D06-099_B1,R1,Rep1,6OHDA_ST.20220719.run1.V11D06-099_B1_S9_R1_001.fastq.gz,gs://asap-raw-team-cragg-mouse-spatial-visium-striatum/fastqs/6OHDA_ST.20220719.run1.V11D06-099_B1_S9_R1_001.fastq.gz,V11D06-099_B1_Rep1
f78de8da4dc4e4b1a84004e0e7af25ce,fastqs/6OHDA_ST/fastq_files_with_2run_2022-07-19/fastq-run-1/V11D06-099_B1_S9_R2_001.fastq.gz,V11D06-099_B1_S9_R2_001.fastq.gz,gs://asap-raw-team-cragg-mouse-spatial-visium-striatum/fastqs/6OHDA_ST/fastq_files_with_2run_2022-07-19/fastq-run-1/V11D06-099_B1_S9_R2_001.fastq.gz,V11D06-099_B1,R2,Rep1,6OHDA_ST.20220719.run1.V11D06-099_B1_S9_R2_001.fastq.gz,gs://asap-raw-team-cragg-mouse-spatial-visium-striatum/fastqs/6OHDA_ST.20220719.run1.V11D06-099_B1_S9_R2_001.fastq.gz,V11D06-099_B1_Rep1
e4aa05d4ab82eeced7e2905a3e05114e,fastqs/6OHDA_ST/fastq_files_with_2run_2022-07-19/fastq-run-1/V11D06-099_C1_S10_R1_001.fastq.gz,V11D06-099_C1_S10_R1_001.fastq.gz,gs://asap-raw-team-cragg-mouse-spatial-visium-striatum/fastqs/6OHDA_ST/fastq_files_with_2run_2022-07-19/fastq-run-1/V11D06-099_C1_S10_R1_001.fastq.gz,V11D06-099_C1,R1,Rep1,6OHDA_ST.20220719.run1.V11D06-099_C1_S10_R1_001.fastq.gz,gs://asap-raw-team-cragg-mouse-spatial-visium-striatum/fastqs/6OHDA_ST.20220719.run1.V11D06-099_C1_S10_R1_001.fastq.gz,V11D06-099_C1_Rep1
ff6aa84c4ffc7af942e8054810fc7d70,fastqs/6OHDA_ST/fastq_files_with_2run_2022-07-19/fastq-run-1/V11D06-099_C1_S10_R2_001.fastq.gz,V11D06-099_C1_S10_R2_001.fastq.gz,gs://asap-raw-team-cragg-mouse-spatial-visium-striatum/fastqs/6OHDA_ST/fastq_files_with_2run_2022-07-19/fastq-run-1/V11D06-099_C1_S10_R2_001.fastq.gz,V11D06-099_C1,R2,Rep1,6OHDA_ST.20220719.run1.V11D06-099_C1_S10_R2_001.fastq.gz,gs://asap-raw-team-cragg-mouse-spatial-visium-striatum/fastqs/6OHDA_ST.20220719.run1.V11D06-099_C1_S10_R2_001.fastq.gz,V11D06-099_C1_Rep1
6c0d997aa9931440cd500b74e004fffd,fastqs/6OHDA_ST/fastq_files_with_2run_2022-07-19/fastq-run-1/V11D06-099_D1_S11_R1_001.fastq.gz,V11D06-099_D1_S11_R1_001.fastq.gz,gs://asap-raw-team-cragg-mouse-spatial-visium-striatum/fastqs/6OHDA_ST/fastq_files_with_2run_2022-07-19/fastq-run-1/V11D06-099_D1_S11_R1_001.fastq.gz,V11D06-099_D1,R1,Rep1,6OHDA_ST.20220719.run1.V11D06-099_D1_S11_R1_001.fastq.gz,gs://asap-raw-team-cragg-mouse-spatial-visium-striatum/fastqs/6OHDA_ST.20220719.run1.V11D06-099_D1_S11_R1_001.fastq.gz,V11D06-099_D1_Rep1
978d1357a43a70c83fa2e3e763c5abc0,fastqs/6OHDA_ST/fastq_files_with_2run_2022-07-19/fastq-run-1/V11D06-099_D1_S11_R2_001.fastq.gz,V11D06-099_D1_S11_R2_001.fastq.gz,gs://asap-raw-team-cragg-mouse-spatial-visium-striatum/fastqs/6OHDA_ST/fastq_files_with_2run_2022-07-19/fastq-run-1/V11D06-099_D1_S11_R2_001.fastq.gz,V11D06-099_D1,R2,Rep1,6OHDA_ST.20220719.run1.V11D06-099_D1_S11_R2_001.fastq.gz,gs://asap-raw-team-cragg-mouse-spatial-visium-striatum/fastqs/6OHDA_ST.20220719.run1.V11D06-099_D1_S11_R2_001.fastq.gz,V11D06-099_D1_Rep1
9eb21390b293e9d11fc2858c501d4ca1,fastqs/6OHDA_ST/fastq_files_with_2run_2022-07-19/fastq-run-1/V11D06-100_A1_S12_R1_001.fastq.gz,V11D06-100_A1_S12_R1_001.fastq.gz,gs://asap-raw-team-cragg-mouse-spatial-visium-striatum/fastqs/6OHDA_ST/fastq_files_with_2run_2022-07-19/fastq-run-1/V11D06-100_A1_S12_R1_001.fastq.gz,V11D06-100_A1,R1,Rep1,6OHDA_ST.20220719.run1.V11D06-100_A1_S12_R1_001.fastq.gz,gs://asap-raw-team-cragg-mouse-spatial-visium-striatum/fastqs/6OHDA_ST.20220719.run1.V11D06-100_A1_S12_R1_001.fastq.gz,V11D06-100_A1_Rep1
0c9a990c5050271b53624d1eba798b57,fastqs/6OHDA_ST/fastq_files_with_2run_2022-07-19/fastq-run-1/V11D06-100_A1_S12_R2_001.fastq.gz,V11D06-100_A1_S12_R2_001.fastq.gz,gs://asap-raw-team-cragg-mouse-spatial-visium-striatum/fastqs/6OHDA_ST/fastq_files_with_2run_2022-07-19/fastq-run-1/V11D06-100_A1_S12_R2_001.fastq.gz,V11D06-100_A1,R2,Rep1,6OHDA_ST.20220719.run1.V11D06-100_A1_S12_R2_001.fastq.gz,gs://asap-raw-team-cragg-mouse-spatial-visium-striatum/fastqs/6OHDA_ST.20220719.run1.V11D06-100_A1_S12_R2_001.fastq.gz,V11D06-100_A1_Rep1
fe507d0f0512e8c2319c6c94ed50d155,fastqs/6OHDA_ST/fastq_files_with_2run_2022-07-19/fastq-run-1/V11D06-100_B1_S13_R1_001.fastq.gz,V11D06-100_B1_S13_R1_001.fastq.gz,gs://asap-raw-team-cragg-mouse-spatial-visium-striatum/fastqs/6OHDA_ST/fastq_files_with_2run_2022-07-19/fastq-run-1/V11D06-100_B1_S13_R1_001.fastq.gz,V11D06-100_B1,R1,Rep1,6OHDA_ST.20220719.run1.V11D06-100_B1_S13_R1_001.fastq.gz,gs://asap-raw-team-cragg-mouse-spatial-visium-striatum/fastqs/6OHDA_ST.20220719.run1.V11D06-100_B1_S13_R1_001.fastq.gz,V11D06-100_B1_Rep1
7068f52abcd032205a5f8aacdfdfb295,fastqs/6OHDA_ST/fastq_files_with_2run_2022-07-19/fastq-run-1/V11D06-100_B1_S13_R2_001.fastq.gz,V11D06-100_B1_S13_R2_001.fastq.gz,gs://asap-raw-team-cragg-mouse-spatial-visium-striatum/fastqs/6OHDA_ST/fastq_files_with_2run_2022-07-19/fastq-run-1/V11D06-100_B1_S13_R2_001.fastq.gz,V11D06-100_B1,R2,Rep1,6OHDA_ST.20220719.run1.V11D06-100_B1_S13_R2_001.fastq.gz,gs://asap-raw-team-cragg-mouse-spatial-visium-striatum/fastqs/6OHDA_ST.20220719.run1.V11D06-100_B1_S13_R2_001.fastq.gz,V11D06-100_B1_Rep1
8be769fd3ed24d893f515eb945a5e261,fastqs/6OHDA_ST/fastq_files_with_2run_2022-07-19/fastq-run-1/V11D06-100_C1_S14_R1_001.fastq.gz,V11D06-100_C1_S14_R1_001.fastq.gz,gs://asap-raw-team-cragg-mouse-spatial-visium-striatum/fastqs/6OHDA_ST/fastq_files_with_2run_2022-07-19/fastq-run-1/V11D06-100_C1_S14_R1_001.fastq.gz,V11D06-100_C1,R1,Rep1,6OHDA_ST.20220719.run1.V11D06-100_C1_S14_R1_001.fastq.gz,gs://asap-raw-team-cragg-mouse-spatial-visium-striatum/fastqs/6OHDA_ST.20220719.run1.V11D06-100_C1_S14_R1_001.fastq.gz,V11D06-100_C1_Rep1
de2f391677f1fda4d2fb78167d36011d,fastqs/6OHDA_ST/fastq_files_with_2run_2022-07-19/fastq-run-1/V11D06-100_C1_S14_R2_001.fastq.gz,V11D06-100_C1_S14_R2_001.fastq.gz,gs://asap-raw-team-cragg-mouse-spatial-visium-striatum/fastqs/6OHDA_ST/fastq_files_with_2run_2022-07-19/fastq-run-1/V11D06-100_C1_S14_R2_001.fastq.gz,V11D06-100_C1,R2,Rep1,6OHDA_ST.20220719.run1.V11D06-100_C1_S14_R2_001.fastq.gz,gs://asap-raw-team-cragg-mouse-spatial-visium-striatum/fastqs/6OHDA_ST.20220719.run1.V11D06-100_C1_S14_R2_001.fastq.gz,V11D06-100_C1_Rep1
44c1377aef337dd0acf875d53a76c901,fastqs/6OHDA_ST/fastq_files_with_2run_2022-07-19/fastq-run-1/V11D06-100_D1_S15_R1_001.fastq.gz,V11D06-100_D1_S15_R1_001.fastq.gz,gs://asap-raw-team-cragg-mouse-spatial-visium-striatum/fastqs/6OHDA_ST/fastq_files_with_2run_2022-07-19/fastq-run-1/V11D06-100_D1_S15_R1_001.fastq.gz,V11D06-100_D1,R1,Rep1,6OHDA_ST.20220719.run1.V11D06-100_D1_S15_R1_001.fastq.gz,gs://asap-raw-team-cragg-mouse-spatial-visium-striatum/fastqs/6OHDA_ST.20220719.run1.V11D06-100_D1_S15_R1_001.fastq.gz,V11D06-100_D1_Rep1
a1af9f35d0f92533f5bbbfe785a6c783,fastqs/6OHDA_ST/fastq_files_with_2run_2022-07-19/fastq-run-1/V11D06-100_D1_S15_R2_001.fastq.gz,V11D06-100_D1_S15_R2_001.fastq.gz,gs://asap-raw-team-cragg-mouse-spatial-visium-striatum/fastqs/6OHDA_ST/fastq_files_with_2run_2022-07-19/fastq-run-1/V11D06-100_D1_S15_R2_001.fastq.gz,V11D06-100_D1,R2,Rep1,6OHDA_ST.20220719.run1.V11D06-100_D1_S15_R2_001.fastq.gz,gs://asap-raw-team-cragg-mouse-spatial-visium-striatum/fastqs/6OHDA_ST.20220719.run1.V11D06-100_D1_S15_R2_001.fastq.gz,V11D06-100_D1_Rep1
64e8cb97c4058cb523b928e4ef381bb2,fastqs/6OHDA_ST/fastq_files_with_2run_2022-07-19/fastq-run-1/V11D08-305_A1_S1_R1_001.fastq.gz,V11D08-305_A1_S1_R1_001.fastq.gz,gs://asap-raw-team-cragg-mouse-spatial-visium-striatum/fastqs/6OHDA_ST/fastq_files_with_2run_2022-07-19/fastq-run-1/V11D08-305_A1_S1_R1_001.fastq.gz,V11D08-305_A1,R1,Rep1,6OHDA_ST.20220719.run1.V11D08-305_A1_S1_R1_001.fastq.gz,gs://asap-raw-team-cragg-mouse-spatial-visium-striatum/fastqs/6OHDA_ST.20220719.run1.V11D08-305_A1_S1_R1_001.fastq.gz,V11D08-305_A1_Rep1
ebbcb4dc6d85e2654cd1257a5aac9761,fastqs/6OHDA_ST/fastq_files_with_2run_2022-07-19/fastq-run-1/V11D08-305_A1_S1_R2_001.fastq.gz,V11D08-305_A1_S1_R2_001.fastq.gz,gs://asap-raw-team-cragg-mouse-spatial-visium-striatum/fastqs/6OHDA_ST/fastq_files_with_2run_2022-07-19/fastq-run-1/V11D08-305_A1_S1_R2_001.fastq.gz,V11D08-305_A1,R2,Rep1,6OHDA_ST.20220719.run1.V11D08-305_A1_S1_R2_001.fastq.gz,gs://asap-raw-team-cragg-mouse-spatial-visium-striatum/fastqs/6OHDA_ST.20220719.run1.V11D08-305_A1_S1_R2_001.fastq.gz,V11D08-305_A1_Rep1
171b3fda66742e8ccc8b9959e1826763,fastqs/6OHDA_ST/fastq_files_with_2run_2022-07-19/fastq-run-1/V11D08-305_D1_S2_R1_001.fastq.gz,V11D08-305_D1_S2_R1_001.fastq.gz,gs://asap-raw-team-cragg-mouse-spatial-visium-striatum/fastqs/6OHDA_ST/fastq_files_with_2run_2022-07-19/fastq-run-1/V11D08-305_D1_S2_R1_001.fastq.gz,V11D08-305_D1,R1,Rep1,6OHDA_ST.20220719.run1.V11D08-305_D1_S2_R1_001.fastq.gz,gs://asap-raw-team-cragg-mouse-spatial-visium-striatum/fastqs/6OHDA_ST.20220719.run1.V11D08-305_D1_S2_R1_001.fastq.gz,V11D08-305_D1_Rep1
3697221936162e4563cec566c4049cb2,fastqs/6OHDA_ST/fastq_files_with_2run_2022-07-19/fastq-run-1/V11D08-305_D1_S2_R2_001.fastq.gz,V11D08-305_D1_S2_R2_001.fastq.gz,gs://asap-raw-team-cragg-mouse-spatial-visium-striatum/fastqs/6OHDA_ST/fastq_files_with_2run_2022-07-19/fastq-run-1/V11D08-305_D1_S2_R2_001.fastq.gz,V11D08-305_D1,R2,Rep1,6OHDA_ST.20220719.run1.V11D08-305_D1_S2_R2_001.fastq.gz,gs://asap-raw-team-cragg-mouse-spatial-visium-striatum/fastqs/6OHDA_ST.20220719.run1.V11D08-305_D1_S2_R2_001.fastq.gz,V11D08-305_D1_Rep1
1949952e36089151af8d084b9b645456,fastqs/6OHDA_ST/fastq_singlerun_2022-07-01/V11D06-069_A1_S6_R1_001.fastq.gz,V11D06-069_A1_S6_R1_001.fastq.gz,gs://asap-raw-team-cragg-mouse-spatial-visium-striatum/fastqs/6OHDA_ST/fastq_singlerun_2022-07-01/V11D06-069_A1_S6_R1_001.fastq.gz,V11D06-069_A1,R1,Rep1,6OHDA_ST.20220701.V11D06-069_A1_S6_R1_001.fastq.gz,gs://asap-raw-team-cragg-mouse-spatial-visium-striatum/fastqs/6OHDA_ST.20220701.V11D06-069_A1_S6_R1_001.fastq.gz,V11D06-069_A1_Rep1
ab7907a3f06b817196f79c6b943d9c37,fastqs/6OHDA_ST/fastq_singlerun_2022-07-01/V11D06-069_A1_S6_R2_001.fastq.gz,V11D06-069_A1_S6_R2_001.fastq.gz,gs://asap-raw-team-cragg-mouse-spatial-visium-striatum/fastqs/6OHDA_ST/fastq_singlerun_2022-07-01/V11D06-069_A1_S6_R2_001.fastq.gz,V11D06-069_A1,R2,Rep1,6OHDA_ST.20220701.V11D06-069_A1_S6_R2_001.fastq.gz,gs://asap-raw-team-cragg-mouse-spatial-visium-striatum/fastqs/6OHDA_ST.20220701.V11D06-069_A1_S6_R2_001.fastq.gz,V11D06-069_A1_Rep1
60aef8e08f041ddc0886b1203efb04f0,fastqs/6OHDA_ST/fastq_singlerun_2022-07-01/V11D06-069_D1_S7_R1_001.fastq.gz,V11D06-069_D1_S7_R1_001.fastq.gz,gs://asap-raw-team-cragg-mouse-spatial-visium-striatum/fastqs/6OHDA_ST/fastq_singlerun_2022-07-01/V11D06-069_D1_S7_R1_001.fastq.gz,V11D06-069_D1,R1,Rep1,6OHDA_ST.20220701.V11D06-069_D1_S7_R1_001.fastq.gz,gs://asap-raw-team-cragg-mouse-spatial-visium-striatum/fastqs/6OHDA_ST.20220701.V11D06-069_D1_S7_R1_001.fastq.gz,V11D06-069_D1_Rep1
36e8ba3e441494da8ed3d9d7d3bf0e5c,fastqs/6OHDA_ST/fastq_singlerun_2022-07-01/V11D06-069_D1_S7_R2_001.fastq.gz,V11D06-069_D1_S7_R2_001.fastq.gz,gs://asap-raw-team-cragg-mouse-spatial-visium-striatum/fastqs/6OHDA_ST/fastq_singlerun_2022-07-01/V11D06-069_D1_S7_R2_001.fastq.gz,V11D06-069_D1,R2,Rep1,6OHDA_ST.20220701.V11D06-069_D1_S7_R2_001.fastq.gz,gs://asap-raw-team-cragg-mouse-spatial-visium-striatum/fastqs/6OHDA_ST.20220701.V11D06-069_D1_S7_R2_001.fastq.gz,V11D06-069_D1_Rep1
2ae0e932ddfeb83e39a0572832ad2589,fastqs/6OHDA_ST/fastq_singlerun_2022-07-01/V11D06-070_A1_S8_R1_001.fastq.gz,V11D06-070_A1_S8_R1_001.fastq.gz,gs://asap-raw-team-cragg-mouse-spatial-visium-striatum/fastqs/6OHDA_ST/fastq_singlerun_2022-07-01/V11D06-070_A1_S8_R1_001.fastq.gz,V11D06-070_A1,R1,Rep1,6OHDA_ST.20220701.V11D06-070_A1_S8_R1_001.fastq.gz,gs://asap-raw-team-cragg-mouse-spatial-visium-striatum/fastqs/6OHDA_ST.20220701.V11D06-070_A1_S8_R1_001.fastq.gz,V11D06-070_A1_Rep1
9705c93fbbd0bbb410522cd1232bbd2a,fastqs/6OHDA_ST/fastq_singlerun_2022-07-01/V11D06-070_A1_S8_R2_001.fastq.gz,V11D06-070_A1_S8_R2_001.fastq.gz,gs://asap-raw-team-cragg-mouse-spatial-visium-striatum/fastqs/6OHDA_ST/fastq_singlerun_2022-07-01/V11D06-070_A1_S8_R2_001.fastq.gz,V11D06-070_A1,R2,Rep1,6OHDA_ST.20220701.V11D06-070_A1_S8_R2_001.fastq.gz,gs://asap-raw-team-cragg-mouse-spatial-visium-striatum/fastqs/6OHDA_ST.20220701.V11D06-070_A1_S8_R2_001.fastq.gz,V11D06-070_A1_Rep1
74dbe451b86729736e005a580fbb3cd2,fastqs/6OHDA_ST/fastq_singlerun_2022-07-01/V11D08-305_B1_S1_R1_001.fastq.gz,V11D08-305_B1_S1_R1_001.fastq.gz,gs://asap-raw-team-cragg-mouse-spatial-visium-striatum/fastqs/6OHDA_ST/fastq_singlerun_2022-07-01/V11D08-305_B1_S1_R1_001.fastq.gz,V11D08-305_B1,R1,Rep1,6OHDA_ST.20220701.V11D08-305_B1_S1_R1_001.fastq.gz,gs://asap-raw-team-cragg-mouse-spatial-visium-striatum/fastqs/6OHDA_ST.20220701.V11D08-305_B1_S1_R1_001.fastq.gz,V11D08-305_B1_Rep1
8269efd94a1afe1abeb5720bd5b330e3,fastqs/6OHDA_ST/fastq_singlerun_2022-07-01/V11D08-305_B1_S1_R2_001.fastq.gz,V11D08-305_B1_S1_R2_001.fastq.gz,gs://asap-raw-team-cragg-mouse-spatial-visium-striatum/fastqs/6OHDA_ST/fastq_singlerun_2022-07-01/V11D08-305_B1_S1_R2_001.fastq.gz,V11D08-305_B1,R2,Rep1,6OHDA_ST.20220701.V11D08-305_B1_S1_R2_001.fastq.gz,gs://asap-raw-team-cragg-mouse-spatial-visium-striatum/fastqs/6OHDA_ST.20220701.V11D08-305_B1_S1_R2_001.fastq.gz,V11D08-305_B1_Rep1
447b15ae66a9dcc47e09e648dc7f2b37,fastqs/6OHDA_ST/fastq_singlerun_2022-07-01/V11D08-305_C1_S2_R1_001.fastq.gz,V11D08-305_C1_S2_R1_001.fastq.gz,gs://asap-raw-team-cragg-mouse-spatial-visium-striatum/fastqs/6OHDA_ST/fastq_singlerun_2022-07-01/V11D08-305_C1_S2_R1_001.fastq.gz,V11D08-305_C1,R1,Rep1,6OHDA_ST.20220701.V11D08-305_C1_S2_R1_001.fastq.gz,gs://asap-raw-team-cragg-mouse-spatial-visium-striatum/fastqs/6OHDA_ST.20220701.V11D08-305_C1_S2_R1_001.fastq.gz,V11D08-305_C1_Rep1
3f7ffa046d43673d020d67756bfe11d9,fastqs/6OHDA_ST/fastq_singlerun_2022-07-01/V11D08-305_C1_S2_R2_001.fastq.gz,V11D08-305_C1_S2_R2_001.fastq.gz,gs://asap-raw-team-cragg-mouse-spatial-visium-striatum/fastqs/6OHDA_ST/fastq_singlerun_2022-07-01/V11D08-305_C1_S2_R2_001.fastq.gz,V11D08-305_C1,R2,Rep1,6OHDA_ST.20220701.V11D08-305_C1_S2_R2_001.fastq.gz,gs://asap-raw-team-cragg-mouse-spatial-visium-striatum/fastqs/6OHDA_ST.20220701.V11D08-305_C1_S2_R2_001.fastq.gz,V11D08-305_C1_Rep1
92216fe72d1eab770286dce1b9dcb658,fastqs/6OHDA_ST/fastq_singlerun_2022-07-01/V11D08-306_A1_S9_R1_001.fastq.gz,V11D08-306_A1_S9_R1_001.fastq.gz,gs://asap-raw-team-cragg-mouse-spatial-visium-striatum/fastqs/6OHDA_ST/fastq_singlerun_2022-07-01/V11D08-306_A1_S9_R1_001.fastq.gz,V11D08-306_A1,R1,Rep1,6OHDA_ST.20220701.V11D08-306_A1_S9_R1_001.fastq.gz,gs://asap-raw-team-cragg-mouse-spatial-visium-striatum/fastqs/6OHDA_ST.20220701.V11D08-306_A1_S9_R1_001.fastq.gz,V11D08-306_A1_Rep1
d7208cf410547d8b8243df62636d3c60,fastqs/6OHDA_ST/fastq_singlerun_2022-07-01/V11D08-306_A1_S9_R2_001.fastq.gz,V11D08-306_A1_S9_R2_001.fastq.gz,gs://asap-raw-team-cragg-mouse-spatial-visium-striatum/fastqs/6OHDA_ST/fastq_singlerun_2022-07-01/V11D08-306_A1_S9_R2_001.fastq.gz,V11D08-306_A1,R2,Rep1,6OHDA_ST.20220701.V11D08-306_A1_S9_R2_001.fastq.gz,gs://asap-raw-team-cragg-mouse-spatial-visium-striatum/fastqs/6OHDA_ST.20220701.V11D08-306_A1_S9_R2_001.fastq.gz,V11D08-306_A1_Rep1
c32aef3ff91fe2f82931bd9fce534693,fastqs/6OHDA_ST/fastq_singlerun_2022-07-01/V11D08-306_B1_S3_R1_001.fastq.gz,V11D08-306_B1_S3_R1_001.fastq.gz,gs://asap-raw-team-cragg-mouse-spatial-visium-striatum/fastqs/6OHDA_ST/fastq_singlerun_2022-07-01/V11D08-306_B1_S3_R1_001.fastq.gz,V11D08-306_B1,R1,Rep1,6OHDA_ST.20220701.V11D08-306_B1_S3_R1_001.fastq.gz,gs://asap-raw-team-cragg-mouse-spatial-visium-striatum/fastqs/6OHDA_ST.20220701.V11D08-306_B1_S3_R1_001.fastq.gz,V11D08-306_B1_Rep1
e83fba7980f3a32f39f0e1a9d595d545,fastqs/6OHDA_ST/fastq_singlerun_2022-07-01/V11D08-306_B1_S3_R2_001.fastq.gz,V11D08-306_B1_S3_R2_001.fastq.gz,gs://asap-raw-team-cragg-mouse-spatial-visium-striatum/fastqs/6OHDA_ST/fastq_singlerun_2022-07-01/V11D08-306_B1_S3_R2_001.fastq.gz,V11D08-306_B1,R2,Rep1,6OHDA_ST.20220701.V11D08-306_B1_S3_R2_001.fastq.gz,gs://asap-raw-team-cragg-mouse-spatial-visium-striatum/fastqs/6OHDA_ST.20220701.V11D08-306_B1_S3_R2_001.fastq.gz,V11D08-306_B1_Rep1
9014c696eb66944bd3eec5a7f6b4973d,fastqs/6OHDA_ST/fastq_singlerun_2022-07-01/V11D08-306_C1_S4_R1_001.fastq.gz,V11D08-306_C1_S4_R1_001.fastq.gz,gs://asap-raw-team-cragg-mouse-spatial-visium-striatum/fastqs/6OHDA_ST/fastq_singlerun_2022-07-01/V11D08-306_C1_S4_R1_001.fastq.gz,V11D08-306_C1,R1,Rep1,6OHDA_ST.20220701.V11D08-306_C1_S4_R1_001.fastq.gz,gs://asap-raw-team-cragg-mouse-spatial-visium-striatum/fastqs/6OHDA_ST.20220701.V11D08-306_C1_S4_R1_001.fastq.gz,V11D08-306_C1_Rep1
a0d1bbf1029a0e55eb0c711f8c6b5565,fastqs/6OHDA_ST/fastq_singlerun_2022-07-01/V11D08-306_C1_S4_R2_001.fastq.gz,V11D08-306_C1_S4_R2_001.fastq.gz,gs://asap-raw-team-cragg-mouse-spatial-visium-striatum/fastqs/6OHDA_ST/fastq_singlerun_2022-07-01/V11D08-306_C1_S4_R2_001.fastq.gz,V11D08-306_C1,R2,Rep1,6OHDA_ST.20220701.V11D08-306_C1_S4_R2_001.fastq.gz,gs://asap-raw-team-cragg-mouse-spatial-visium-striatum/fastqs/6OHDA_ST.20220701.V11D08-306_C1_S4_R2_001.fastq.gz,V11D08-306_C1_Rep1
6a5ec9402f9f4f189e16f43dc0f950fe,fastqs/6OHDA_ST/fastq_singlerun_2022-07-01/V11D08-306_D1_S5_R1_001.fastq.gz,V11D08-306_D1_S5_R1_001.fastq.gz,gs://asap-raw-team-cragg-mouse-spatial-visium-striatum/fastqs/6OHDA_ST/fastq_singlerun_2022-07-01/V11D08-306_D1_S5_R1_001.fastq.gz,V11D08-306_D1,R1,Rep1,6OHDA_ST.20220701.V11D08-306_D1_S5_R1_001.fastq.gz,gs://asap-raw-team-cragg-mouse-spatial-visium-striatum/fastqs/6OHDA_ST.20220701.V11D08-306_D1_S5_R1_001.fastq.gz,V11D08-306_D1_Rep1
4f5a5ed0bd6d7b900f141e95c243e175,fastqs/6OHDA_ST/fastq_singlerun_2022-07-01/V11D08-306_D1_S5_R2_001.fastq.gz,V11D08-306_D1_S5_R2_001.fastq.gz,gs://asap-raw-team-cragg-mouse-spatial-visium-striatum/fastqs/6OHDA_ST/fastq_singlerun_2022-07-01/V11D08-306_D1_S5_R2_001.fastq.gz,V11D08-306_D1,R2,Rep1,6OHDA_ST.20220701.V11D08-306_D1_S5_R2_001.fastq.gz,gs://asap-raw-team-cragg-mouse-spatial-visium-striatum/fastqs/6OHDA_ST.20220701.V11D08-306_D1_S5_R2_001.fastq.gz,V11D08-306_D1_Rep1
